country,facilities_with_contact,with_email_after_harvest
DE,22718,14087
GB,18736,13739
PL,5871,4647
NL,5489,4934
NO,4818,4731
ES,3611,2802
FR,3523,1962
IT,2741,1526
PT,2127,1942
CH,1777,755
UA,1728,817
AT,1456,921
HU,1067,656
BE,1062,714
SE,1059,573
FI,999,562
CZ,878,645
DK,854,410
SK,841,589
HR,585,273
BY,565,155
LT,446,322
EE,291,212
BG,284,111
IE,262,121
GR,254,123
RS,231,120
SI,197,133
RO,187,74
LV,184,142
TR,144,29
MD,85,17
LU,84,44
IS,50,27
AL,49,47
BA,48,17
CY,29,19
MK,20,2
XK,13,6
MT,12,8
ME,11,5
LI,3,1
AD,1,0
