decision_maker_name,decision_maker_title,org_name,country,decision_maker_linkedin,general_email,phone,website,lead_score
Dr. Kurt Berlin,Geschäftsführer (KTS Verwaltungs GmbH / Stepke; German preschool platform),"AcadeMedia Deutschland (brands: Joki Kinderbetreuung, Espira Kinderbetreuung, Kita Luna/KTS Verwaltungs GmbH, Stepke-KiTas)",DE,,,,https://academedia.se,5
Christophe Fond,Geschäftsführer (Managing Director Germany),"Babilou Family Deutschland GmbH (brands: Denk mit! Kita, Little Giants/Kleine Riesen/Petits Géants, Wichtel Akademie, MiniMax Kids)",DE,https://de.linkedin.com/company/babilou-family-deutschland-gmbh,,,https://babilou-family.de,5
Stefan Spieker,Geschäftsführer (CEO),FRÖBEL Bildung und Erziehung gGmbH,DE,https://de.linkedin.com/company/froebel-bildung-und-erziehung,info@froebel-gruppe.de,+49 30 21235-0,https://www.froebel-gruppe.de,5
Dr. Jürgen Reul,Geschäftsführer (Vorsitz) / founder,kitea (merger of Kinderzentren Kunterbunt gGmbH + Villa Luna Kindertagesstätten) - Klett Gruppe,DE,https://de.linkedin.com/company/kinderzentren-kunterbunt-ggmbh,info@kinderzentren.de,+49 911 470500-0,https://kitea-kids.de,5
Héctor Díaz Reimóndez,Consejero Delegado (CEO) / Administrador Único,Nemomarlin Escuelas Infantiles (Nemomarlin Franchise S.L.),ES,,,,https://www.escuelanemomarlin.com,5
Xavier Ouvrard,"PDG / CEO, Babilou Family",Babilou Family (Babilou / Evancia),FR,,,,https://www.babilou.fr,5
Christophe Fond,Group CEO (since July 2024),"Babilou Family (Babilou, Evancia, educcare, Kleine Riesen/Little Giants, Babilou Family Deutschland)",FR,https://www.linkedin.com/in/cfond/,,,https://babilou-family.com/,5
Jean-Emmanuel Rodocanachi,Founder & Group CEO,Grandir Group (Les Petits Chaperons Rouges / Grandir UK / Grandir Deutschland / Liveli),FR,https://fr.linkedin.com/in/rodocanachi,contact@grandir.com (unverified),,https://www.grandir.com/,5
Sacha Tikhomiroff,"Directeur Général, Les Petits Chaperons Rouges",Grandir – Les Petits Chaperons Rouges (LPCR),FR,,,,https://www.lpcr.fr,5
Antonia Ryckbosch,Co-founder & Directrice Générale / Managing Director,La Maison Bleue,FR,,,,https://www.la-maison-bleue.fr,5
Peter Gowers,Group CEO (since 8 July 2025),"Busy Bees Nurseries (Busy Bees Group, incl. Giraffe Childcare IE, Busy Bees Italy, Canada, US, AU, NZ, SG, MY, VN)",GB,,,,https://www.busybeeschildcare.co.uk/,5
Tomas Deržanauskas,Director (UAB director),Vaikystės sodas (UAB Vaikystės sodas) - Globeducate,LT,,info@vaikystes-sodas.lt,+370 699 87949,https://vaikystes-sodas.lt,5
Daina Kājiņa,Head of CreaKids / board member,CreaKids (Dibber Latvia),LV,,,,https://www.creakids.lv,5
Robin Alma,Bestuurder,Humankind (ex Kinderopvang Humanitas),NL,,,,https://www.humankind.nl,5
Jeanine Lemmens,CEO / bestuursvoorzitter Partou (verify still in role 2026),"Partou Group (Partou NL, Partou UK, Partou Germany)",NL,,,,https://www.partou.nl/,5
Jeanine Lemmens,Algemeen Directeur,Smallsteps,NL,,,,https://www.smallsteps.nl,5
Hans Jacob Sundby,"CEO & co-founder, Dibber",Dibber AS (international HQ),NO,,,,https://dibber.com,5
Morten Vårdal,"Group CEO, Dibber",Dibber Group / Læringsverkstedet,NO,,,,https://www.dibber.com/,5
Marit Lambrechts,"Administrerende direktør, Espira",Espira Gruppen AS (AcadeMedia Norge),NO,,,,https://espira.no,5
Eli Sævareid,"Founder & CEO, Trygge Barnehager (owner of FUS)",FUS barnehagene / Trygge Barnehager AS,NO,,,,https://fus.no,5
Adam Därnemyr,"Daglig leder (CEO), Læringsverkstedet, from 10 Aug 2025 (succeeded Trude Moen Sydtangen)",Læringsverkstedet AS (Dibber Norway),NO,https://www.linkedin.com/in/adamdarnemyr/,,,https://laringsverkstedet.no,5
Kristin Voldsnes,"Divisjonsdirektør (Division Director), Norlandia Barnehagene; also chair of Norlandia Förskolor AB",Norlandia Barnehagene (Norlandia Preschools AS),NO,,,+47 416 92 791 (Voldsnes),https://norlandiabarnehagene.no,5
Karina Trafna,Founder & CEO / Prezes Zarządu,KIDS&Co. (Międzynarodowe Dwujęzyczne Przedszkola i Żłobki KIDS&Co.),PL,,,,https://kids-co.pl,5
Marcus Strömberg,"VD och koncernchef, AcadeMedia",AcadeMedia AB (group),SE,,,,https://academedia.se,5
Johan Kyllerman,"VD, Atvexa AB",Atvexa AB (publ),SE,,,,https://www.atvexa.se,5
Volodymyr Kozlenko (Володимир Козленко),Owner / founder,KMDS (КМДШ) / Clever Kids by KMDS,UA,,,,https://kmds.ua,5
Alexandra Schuster,"CEO Deutschland (LinkedIn); registered GF: Patrick Gottesleben (2026), Benoit Lamezec (2025), Christophe Fond","Babilou Family Deutschland GmbH (educcare, Kleine Riesen/Little Giants, littlebigFuture)",DE,https://www.linkedin.com/in/alexandra-schuster-323641137/,,,https://babilou-family.de/,4
Alfons Scheitz,Geschäftsführer & Inhaber,Impuls Soziales Management GmbH & Co. KG,DE,https://de.linkedin.com/company/impuls-soziales-management,,,https://www.e-impuls.de,4
Till Bremen,Geschäftsführer,KinderHut GmbH / gGmbH,DE,https://de.linkedin.com/company/kinderhut,,,https://www.kinderhut.de,4
Antje Bostelmann,Gründerin & Geschäftsführerin (CEO Klax Gruppe),Klax Gruppe (Klax Berlin gGmbH),DE,,,,https://klax.de,4
Thomas Frenzel,"Geschäftsführender Direktor (strategy, business development & IT)",Phorms Education SE,DE,,,,https://www.phorms.de,4
Dr. Kurt Berlin,Geschäftsführer,Stepke-KiTas (Step Kids KiTas gGmbH) - AcadeMedia,DE,,,,https://www.stepke-kitas.de,4
Marcus Bracht,Geschäftsführer,educcare Bildungskindertagesstätten gGmbH,DE,,,,https://educcare.de,4
Annette Holtmann,Geschäftsführerin (Villa Luna & Kinderzentren Kunterbunt / kitea),"kitea (Villa Luna Kindertagesstätten + Kinderzentren Kunterbunt, Klett Group)",DE,,,,https://kinderzentren.de/,4
Dr. Daniel Erler,"CEO (since 1 May 2026, succeeding Alexa Ahmad)","pme Familienservice Gruppe (Kita brands incl. Kids & Co., Lernwelten)",DE,,,,https://www.familienservice.de,4
Signe Suurväli,Director (juhataja),Kalli-kalli lasteaed,EE,,,,https://kalli.ee,4
Frédéric Thomas,Président fondateur,Groupe Léa & Léo,FR,,,,https://www.leaetleo.com,4
Sylvain Forestier,Founder & President/CEO,"La Maison Bleue (incl. Kids&Co UK?, Pop e Poppa CH?, Luxembourg)",FR,,,,https://www.la-maison-bleue.fr/,4
Sébastien Martin,Co-founder & Directeur Général,Les Petites Canailles,FR,,,,https://www.lespetitescanailles.fr,4
Marc Jouannic,"Directeur Général, Liveli",Liveli by Sodexo (ex Crèche Attitude / Crèches de France),FR,,,,https://www.liveli.fr,4
Audric Anselmi,Directeur Général (since Sept 2025),Rigolo Comme La Vie (IDKIDS group),FR,,,,https://www.rigolocommelavie.org,4
Mark Bates,Co-founder & Managing Director,Banana Moon Day Nurseries (franchise),GB,,,,https://www.bananamoonfranchise.com,4
Christopher McCandless,Chief Executive Officer (appointed Sept 2025),Busy Bees Nurseries,GB,,"info@busybees.com (generic, not confirmed)","+44 (0)1543 711 200 (head office, not confirmed)",https://www.busybeeschildcare.co.uk,4
Emma Rooney,Chief Executive Officer,Childbase Partnership,GB,,info@childbase.com (not confirmed),+44 (0)1908 224400 (not confirmed),https://childbasepartnership.com,4
Tony Page,Chief Executive Officer (joined Dec 2023),Family First Nurseries Group,GB,,,,https://www.familyfirstnurseries.co.uk,4
Steven Fenn,Chief Executive Officer,Fennies Nurseries,GB,,info@fennies.com (not confirmed),,https://www.fennies.com,4
Lydia Hopper,"Chief Executive Officer, Grandir UK","Grandir UK (Kiddi Caru, Dicky Birds, Co-op Childcare heritage, Hungry Caterpillars etc.)",GB,,info@grandiruk.com (not confirmed),,https://www.grandiruk.com,4
Kim Herbert,Chief Executive Officer,Happy Days Nurseries & Pre-Schools,GB,,,,https://happydaysnurseries.com,4
Clare Roberts,CEO & Co-founder,Kids Planet Day Nurseries,GB,https://uk.linkedin.com/company/kids-planet-day-nurseries (company page),info@kidsplanetdaynurseries.co.uk (not confirmed),+44 (0)1925 594 300 (not confirmed),https://www.kidsplanetdaynurseries.co.uk/,4
Ruth Pimentel,Chief Executive Officer,Kindred Nurseries (Kindred Education),GB,,,,https://www.kindrednurseries.co.uk,4
Dr June O'Sullivan OBE,Chief Executive,London Early Years Foundation (LEYF),GB,,info@leyf.org.uk (not confirmed),+44 (0)20 7834 8679 (not confirmed),https://www.leyf.org.uk,4
Richard Blunden,Chief Executive Officer,Monkey Puzzle Day Nurseries (franchise),GB,,,,https://monkeypuzzledaynurseries.com,4
Samantha Rhodes,UK Managing Director,Partou UK,GB,,,,https://partou.co.uk/,4
Samantha Rhodes,"Managing Director / CEO, Partou UK",Partou UK (formerly Just Childcare + All About Children),GB,,hello@partou.co.uk (not confirmed),,https://partou.co.uk,4
Sarah Mackenzie,Chief Executive Officer,Storal (Storal Learning / Storal Nurseries),GB,,hello@storal.com (not confirmed),,https://www.storal.com,4
Adelle Taylor,Chief Executive Officer,The Old Station Nursery Group (part of La Maison Bleue),GB,,info@theoldstationnursery.co.uk (not confirmed),,https://www.theoldstationnursery.co.uk,4
Inga Dimante-Ansone,Head / Director (vadītāja),Zemenīte ABC (SIA Zemenīte ABC),LV,,,,https://zemenite.lv,4
Remko Berkel,CEO Babilou Family Nederland,BLOS kinderopvang (Babilou Family Nederland),NL,,,,https://www.blos.nl,4
Elly Brand,Directeur-bestuurder,Kibeo,NL,,,,https://www.kibeo.nl,4
Nicole Krabbenborg,Algemeen Directeur,Kindergarden (Bright Horizons),NL,,,,https://www.kindergarden.nl,4
Yngvar Tov Herbjørnssønn,"Daglig leder (CEO), Norlandia Health & Care Group AS",Norlandia Health & Care Group AS,NO,https://www.linkedin.com/in/yngvar-tov-herbj%C3%B8rnss%C3%B8nn-03833322/,,,https://nhcgroup.no,4
Yngvar Tov Herbjørnssønn,CEO Norlandia / Chair Norlandia Preschools AS,"Norlandia Preschools / Norlandia Health & Care Group (Kidsa Barnehager, Norlandia Förskolor, Norlandia Päiväkodit, Norlandia Przedszkola, Norlandia Kinderopvang)",NO,,,,https://www.norlandia.com/,4
Jørn-Tommy Schjelderup,"Administrerende direktør, PBL",PBL - Private Barnehagers Landsforbund,NO,,,+47 75 55 37 00,https://pbl.no,4
Robert Ullmann,"Daglig leder (CEO), Stiftelsen Kanvas",Stiftelsen Kanvas,NO,,,,https://www.kanvas.no,4
Dagmara Osman,Founder / Director (dyrektor),"Happy Kids (Przedszkola i Żłobki Happy Kids, Kraków)",PL,,,,https://przedszkole-happykids.pl,4
Justyna Pacuła,Owner (właścicielka),Pod Magnolią – Niepubliczne Przedszkola Językowe,PL,,,,https://podmagnolia.pl,4
Małgorzata (Małgosia) Tarnowska,Owner & Founder; AMI Montessori Guide,Warsaw Montessori Family (Casa dei Bambini Warsaw Montessori School),PL,,,,https://wmf.edu.pl,4
Tatjana Rackov Sinadinović,Founder and Director,Happy Kids (Privatna predškolska ustanova Happy Kids),RS,,,,https://happykidsvrtic.rs,4
Marcus Strömberg,President & CEO AcadeMedia,"AcadeMedia AB (Pysslingen Förskolor, Espira, Joki, Stepke, Kita Luna, Noblaschool, Montessori Mondial)",SE,,,,https://academedia.se/,4
Johannes Stiigh,"VD (extern), Dibber Sverige AB (per 2025 bokslut); earlier source names Mari Puoskari",Dibber Sverige AB,SE,,,,https://dibber.se,4
Bijan Fahimi,"VD, Tellusgruppen (parent of Tellusbarn)",Tellusbarn / Tellusgruppen AB,SE,,,,https://tellusbarn.se,4
Melita Kordeš Demšar,Direktorica (mag.),Inštitut montessori (Zavod za pomoč staršem pri razvoju otrok),SI,,,,,4
Stephen Kramer,CEO (Bright Horizons Family Solutions),Bright Horizons Family Solutions (UK: Bright Horizons UK; NL: Kindergarden),US,,,,https://www.brighthorizons.com/,4
Dr. Sonja Christina Bürger,Geschäftsführerin,Infanterix Multilinguale Krippen & Kindergärten (Infanterix GmbH / Infanterix Bayern GmbH),DE,https://de.linkedin.com/company/infanterix-multilinguale-krippen-&-kinderg%C3%A4rten,,,https://www.infanterix.de,3
Eva Harmat,Geschäftsführerin,Kinderland PLUS gGmbH,DE,,,,https://www.kinderland-plus.de,3
Dr. Kurt Berlin,Geschäftsführer,Kita Luna (KTS Verwaltungs GmbH) - AcadeMedia,DE,,,,https://www.kita-luna.de,3
Patrick Gottesleben,Geschäftsführer,"Little Giants / Kleine Riesen / Petits Géants (Giant Leap GmbH & Co. KG, Babilou brand)",DE,,,,https://www.littlegiants.de,3
Christophe Fond,Geschäftsführer,Wichtel Akademie München GmbH (Babilou brand),DE,,,,https://www.wichtel-muenchen.com,3
Dr. Daniel Erler,"Geschäftsführer (since 1 May 2026, succeeding Alexa Ahmad)",pme Familienservice Gruppe,DE,,,,https://www.familienservice.de/,3
Ana Rojo Guisasola,CEO,Kids&Us (Kids & Us English S.L.),ES,https://www.linkedin.com/in/ana-rojo-guisasola-2b242316/,,,https://www.kidsandus.es,3
Alain Rauscher,"Co-founder, Chairman & CEO (prior knowledge - verify)",Antin Infrastructure Partners,FR,,,,https://www.antin-ip.com/,3
Claudia Kespy-Yahi,Fondatrice & Présidente,Cap Enfants,FR,https://www.linkedin.com/in/claudiakespyyahi/,,,https://www.capenfants.com,3
Céline Legrain,Directrice Générale,Crescendo (Groupe SOS),FR,,crescendo@groupe-sos.org,+33 1 58 82 29 81,https://www.crescendo.asso.fr,3
Vincent Levita,Founder & CEO (prior knowledge - verify),InfraVia Capital Partners,FR,,,,https://infraviacapital.com/,3
Philippe Tapié,CEO (post-2024 restructuring management),People&Baby,FR,,,,https://www.people-and-baby.com,3
Philip Smith,"Managing Director, UK",Bright Horizons Family Solutions UK,GB,,info@brighthorizons.co.uk (not confirmed),+44 (0)333 240 1090 (not confirmed),https://www.brighthorizons.co.uk,3
Laura Wardley-Smith,CEO (verify; Ruth Pimentel resigned 3 Sept 2025),Kindred Education / Kindred Nurseries,GB,,,,https://www.kindrednurseries.co.uk/,3
Hayley Peacock,Founder & CEO (prior knowledge),Little Barn Owls Nursery & Farm School,GB,,,,https://www.littlebarnowls.co.uk,3
None confirmed,,Little Dukes (Dukes Education),GB,,,,https://www.dukeseducation.com/nurseries,3
Leanna Barrett,Co-founder & CEO (prior knowledge),Little Forest Folk,GB,,,,https://www.littleforestfolk.com,3
Phil Sunderland,Founder & Chief Executive Officer,N Family Club,GB,,hello@nfamilyclub.com (not confirmed),,https://nfamilyclub.com,3
Sarah Mackenzie,CEO (since 2022),Storal (Storal Learning Ltd),GB,,,,https://www.storal.com/,3
Cary Rankin,Chief Executive Officer (NOTE: Companies House shows his directorship terminated 29 Sept 2025 - successor not confirmed),Thrive Childcare and Education (formerly Bertram Nursery Group),GB,,info@thrivechildcare.com (not confirmed),,https://www.thrivechildcare.com,3
Caroline Fooks,Founder & Chief Executive Officer,Tommies Childcare,GB,,,,https://www.tommieschildcare.co.uk,3
Cheryl Hadland MBE,Founder / Chair (role post-EOT to verify),Tops Day Nurseries (Hadland Care Group),GB,,info@topsdaynurseries.co.uk (not confirmed),+44 (0)1202 551553 (not confirmed),https://www.topsdaynurseries.co.uk,3
Amanda Sunderman,School Principal / Director,American International School of Vilnius (AISV),LT,,,,https://www.aisv.lt,3
Rebecca Juras,Director,Vilnius International School (VIS),LT,,,,https://www.vischool.lt,3
Elizabeth Younk,"Elementary School Principal (oversees Early Years, from Aug 2025)",International School of Latvia (ISL),LV,,,,https://isl.edu.lv,3
Monique Wittebol,Voorzitter Raad van Bestuur,Bink kinderopvang,NL,,,,https://www.binkkinderopvang.nl,3
Jan Paul ten Brink,Voorzitter Raad van Bestuur a.i. (2025),KION,NL,,,,https://kion.nl,3
Nicole Krabbenborg,"Managing Director, Kindergarden Netherlands",Kindergarden Nederland (Bright Horizons),NL,,,,https://www.kindergarden.nl/,3
Elise Rønholt,"Daglig leder, Barnehagenett AS",Barnehagenett AS,NO,,,,https://barnehagenett.no,3
Katarzyna Tyza,Owner & Director,Akademia Malucha (Biała Podlaska / Lubelskie network),PL,,,,https://terebelska.akademiamaluchabp.pl,3
Sabina Madej,Owner & Director (dyrektor),Akademia Małych Einsteinów (Kraków),PL,,,,https://akademiamalycheinsteinow.pl,3
Dr. Michelle Kleiss,School Director (Pre-K lead not confirmed),American School of Warsaw (Early Childhood / Pre-K),PL,,,,https://www.aswarsaw.org,3
Mateusz Samborek,Prezes Zarządu (President of the Board),Baby Booom – Żłobki i Przedszkola,PL,,,,https://baby-booom.pl,3
Katarzyna Kosakowska,Founder / Director,Baby City – międzynarodowe przedszkole i żłobek,PL,,,,https://baby-city.pl,3
Anna Marek,Director (dyrektor); Dominika Marek = owner/organ prowadzący,Bright Child – Polsko-Angielskie Przedszkole (Kraków),PL,,,,https://brightchild.pl,3
John Brett,Principal (Early Years head not confirmed),The British School Warsaw (Nord Anglia) – Early Years Centre,PL,,,,https://www.nordangliaeducation.com/tbsw-warsaw,3
Karol Michalski,Founder & Owner,Tygrysek i Przyjaciele (żłobki i przedszkola),PL,,,,https://tygrysekiprzyjaciele.pl,3
Diana Ciszewska,Founder (Zielona Wieża Lublin) – network co-founder; verify for HQ,Zielona Wieża (przedszkola i żłobki bliskościowe),PL,,,,https://zielonawieza.pl,3
Johan Kyllerman,VD / CEO,Atvexa AB,SE,,,,https://www.atvexa.se/,3
Per Egon Johansson,"VD, Raoul Wallenbergskolorna AB",Raoul Wallenbergskolorna AB,SE,,,,https://raoulwallenbergskolan.se,3
Lea Sievers,Einrichtungsleitung,"Kids & Co. Krippe (pme Familienservice), Frankfurt Westend",DE,,,,https://www.familienservice.de/web/kids-co-krippe,2
Christof Blach,Einrichtungsleitung,"Kids & Co. Unterlindau (pme Familienservice), Frankfurt",DE,,,,https://www.familienservice.de/web/kids-co-unterlindau,2
Maren Jung,Geschäftsführerin,Kinderland im Kreis Saarlouis gGmbH,DE,,,,https://www.kreis-saarlouis.de/Kita-Kinderland.htm,2
Annette Heintz,Kita-Leitung,"nestwärme-Kita (nestwärme e.V. Deutschland), Trier",DE,,,,https://www.nestwaerme.org/kita/,2
Irene Espinosa,Directora,Escuela Infantil La Pecera (Ceuta) - managed by Koala/Clece,ES,,,,,2
Elena Fernández,Directora,"Escuela Infantil Los Olivos (Alcalá de Guadaíra, Sevilla) - managed by Koala/Clece",ES,,,,,2
Óscar Fraga,Franchise contact / founder (title not confirmed),Trastes Centros de Educación Infantil (Trastes Desarrollo de Franquicias S.L.),ES,,,,https://escuelainfantiltrastes.es,2
None confirmed,,Kido (Kido Education / Kido International),GB,,,,https://www.kido.school,2
Claire Warden,Founder (prior knowledge),Nature Kindergarten (Auchlone) / Mindstretchers,GB,,,,https://www.mindstretchers.co.uk,2
Zrinka Junaković,Founder (osnivačica),Dječji vrtić FrFi,HR,,,,https://www.vrtic-frfi.hr,2
Ivana Prčić,Ravnateljica,Dječji vrtić Izvor,HR,,,,https://www.vrtic-izvor-samobor.hr,2
Irena Burić,Founder,Dječji vrtić Nemo,HR,,,,https://www.vrtic-nemo.hr,2
Sarma Dreimane,Imanta branch manager (contact),Burtu pasaulīte,LV,,sarma.dreimane@inbox.lv,+371 26882955,https://www.burtupasaulite.lv,2
Solveiga Tiliba,Kindergarten director,Rotaļdārzs,LV,,,,https://www.rotaldarzs.lv,2
Edle Damm,Daglig leder,Akasia Sædalen barnehage,NO,,,,https://www.proff.no/selskap/akasia-s%C3%A6dalen-barnehage/bergen/pleie-og-omsorgstjenester/IGBAFW610K7/,2
Therese Young,Daglig leder (since Sept 2022),Bærumsmarka FUS barnehage AS,NO,,,,https://fus.no/baerumsmarka,2
Kristina Andreassen,Daglig leder,Fjordbyen barnehage (ULNA),NO,,,,https://fjordbyen.barnehage.no,2
Gunn-Marte Hasund,Daglig leder,Gnist Barnehager Støylane (Norlandia),NO,,,,https://www.1881.no/barnehage-og-barnepark/barnehage-og-barnepark-moere-og-romsdal/barnehage-og-barnepark-ulsteinvik/gnist-barnehager-stoeylane_101092802S1/,2
Anne Kristin Aaseth,Daglig leder (since 2002),Prestagardskogen FUS barnehage,NO,,,,https://fus.no/prestagardskogen,2
Vera Søpstad,"Daglig leder, Trollskogen Barnehage (Alversund, hovedkontor)",Trollskogen Barnehage (SA / chain),NO,,,+47 995 19 798,https://trollskogen.barnehage.no,2
Lene Reed,Daglig leder,Trollskogen barnehage Måløy,NO,,,+47 419 33 331,https://trollskogenmaaloy.barnehage.no,2
Ann-Kristin Sandvik,Daglig leder,Trollskogen barnehage Oslo (Bjørndal),NO,,,+47 414 53 496,https://trollskogenoslo.barnehage.no,2
Lise Bjørkli Hilsen,Daglig leder,Trollskogen barnehage Raufoss,NO,,,,https://trollskogenraufoss.barnehage.no,2
Christine Gleditsch,Daglig leder,ULNA Vang aktivitetsbarnehage,NO,,,,https://www.hamar.kommune.no/barnehagene/private-barnehager/ulna-vang-aktivitetsbarnehage/,2
Katarzyna Lis,Founder,"MOC Montessori (żłobek i przedszkole, Warszawa Białołęka)",PL,,,,https://mocmontessori.pl,2
Karolina Czarnecka,Head / Owner,Montessori Stepping Stones (Warszawa),PL,,,,https://www.montessoristeppingstones.pl,2
Olga Gudynn,Founder (title/current role not confirmed),Olga Gudynn International School (kindergarten + school),RO,,,,https://www.olgagudynn.ro,2
Mari Hannele Puoskari / Johannes Stiigh (conflicting sources),VD,Dibber Helianthus Förskola AB,SE,,,,https://dibber.se,2
Danijel Janjevak,Director,Montessori - zavod zasebni vrtec Cinca Binca,SI,,,,,2
Nives Jurman,Direktorica,Zasebni vrtec Metulj,SI,,,,,2
Hamit Akçay,Founder (Dr.),Kaşif Çocuk Akademisi,TR,,,,,2
Yusuf Tavukçuoğlu,Kurucu Temsilcisi (founder representative),Özel Atacan Eğitim Kurumları,TR,,,,,2
Idayra Beltrán,Directora pedagógica,Escuela Infantil Sanipeques - managed by Koala/Clece,ES,,,,,1
Marta Illa,Directora del centro,Kids&Us Manresa (flagship centre),ES,,,,https://www.kidsandus.es/en/academias-ingles/manresa,1
not applicable,,Cowgate Under 5's Centre,GB,,,,not confirmed,1
Cathrine (surname not shown in snippet),Daglig leder,"Idun FUS barnehage (Sagene, Oslo)",NO,,,,https://fus.no/idun,1
