country,source_name,url,what_it_contains,how_to_extract,cost,region_file
PL,RSPO – Rejestr Szkół i Placówek Oświatowych (open API),https://rspo.gov.pl/ (API: https://api-rspo.men.gov.pl/api/placowki?typ_podmiotu_id=...),"Every registered school/educational institution in Poland incl. przedszkola (typ 'Przedszkole', 'Punkt przedszkolny', 'Zespół wychowania przedszkolnego'): name, RSPO id, REGON, address, phone, email, website, organ prowadzący (operator – reveals chains via shared operator), public/non-public status, number of pupils (uczniowie), director name in some records.",Use the REST API (JSON-LD / Hydra): GET https://api-rspo.men.gov.pl/api/placowki?typ_podmiotu_id=<id>&page=N ; filter kategoria_uczniow / status_publicznosc='niepubliczna'. Group by 'organ_prowadzacy' (podmiot_prowadzacy nazwa + REGON) to find multi-site operators. Also bulk CSV export via the rspo.gov.pl UI ('Eksportuj').,,cee_sources.json
PL,Rejestr żłobków i klubów dziecięcych (Ministry of Family – empatia / rejestrzlobkow.mrips.gov.pl),https://empatia.mpips.gov.pl/dla-swiadczeniobiorcow/rodzina/d3/rejestr-zlobkow-i-klubow,"All nurseries (żłobki), kids' clubs and day carers: operator (podmiot prowadzący), address, capacity (liczba miejsc), fees, contact phone/email, website.","Open the register search, filter by województwo/gmina, export list; or query the public JSON endpoint used by the portal (inspect network calls) and join operators with RSPO organ prowadzący by REGON/NIP to identify combined nursery+preschool chains.",,cee_sources.json
PL,"KRS / CEIDG (rejestr.io, krs-online, ekrs.ms.gov.pl)",https://rejestr.io / https://ekrs.ms.gov.pl / https://prod.ceidg.gov.pl,"Company officers (zarząd), shareholders, addresses, PKD 85.10.Z (wychowanie przedszkolne) codes.",Search PKD 85.10.Z + name; use rejestr.io API for board members; CEIDG for sole-trader preschool owners.,,cee_sources.json
CZ,Rejstřík škol a školských zařízení (MŠMT),"https://rejstriky.msmt.cz/rejskol/ (open data: https://data.msmt.cz/ , dataset 'Rejstřík škol a školských zařízení')","All mateřské školy (incl. soukromé/private and církevní): RED-IZO, IČO, zřizovatel (founder – reveals chains), address, capacity (kapacita), ředitel name, email, website, legal form.",Download XML/CSV from data.msmt.cz or use the rejskol search with 'Druh: Mateřská škola' and 'Zřizovatel: soukromník/právnická osoba'; group by zřizovatel IČO to find multi-site operators; director is in field 'ředitel'.,,cee_sources.json
CZ,Evidence dětských skupin (MPSV),https://evidence.mpsv.cz/eEDS/,"Registered 'dětské skupiny' (micro-nurseries/childcare groups, often run by private preschool brands): provider name, IČO, address, capacity.","Filter by region, export; join provider IČO with MŠMT register.",,cee_sources.json
SK,Register škôl a školských zariadení (CVTI SR) / Sieť škôl (MŠVVaŠ),https://www.cvtisr.sk/skolstvo/registre.html (also https://crinfo.iedu.sk/RISPortal/register/),"All materské školy incl. súkromné: EDUID, zriaďovateľ (founder), address, riaditeľ, email, phone, number of children (from štatistické výkazy).",Open CVTI 'Register škôl' export (XLS) or the RIS portal; filter 'druh školy = Materská škola' and 'zriaďovateľ = súkromný'; group by zriaďovateľ IČO.,,cee_sources.json
HU,"KIR – Köznevelési Információs Rendszer, intézménykereső (Oktatási Hivatal)",https://kir.hu/kir2int/IntezmenyKereso/ (open data: https://dari.oktatas.hu/kirpub/index),"All óvoda (kindergartens) with OM azonosító, fenntartó (maintainer – reveals private operators: 'egyéb', 'alapítvány', 'gazdasági társaság', 'egyházi'), address, vezető (head) name, email, phone, feladatellátási helyek (sites) and capacity.",Use KIR intézménykereső with intézménytípus='óvoda' and fenntartó típus filters; export XLS from kirpub; group by fenntartó to find chains; 'vezető' field gives the director.,,cee_sources.json
RO,SIIIR – Sistemul Informatic Integrat al Învățământului din România / Rețeaua școlară (MEN),https://www.siiir.edu.ro/ (public unit list: https://www.edu.ro/retea-scolara ; open data on data.gov.ro 'Rețeaua unităților de învățământ'),"All grădinițe (public and 'privat/particular'): unit code, name, locality, forma de proprietate, forma de finanțare, address, phone, email, website; enrolment counts in SIIIR statistics.",Download the rețea școlară CSV from data.gov.ro / ISJ county lists; filter 'Grădiniță' + 'PRIVAT'; join with ARACIP list.,,cee_sources.json
RO,ARACIP – lista unităților de învățământ particular acreditate/autorizate,https://aracip.eu/ (registers: https://aracip.eu/registre),"Accreditation register of private education units incl. grădinițe: operator legal entity (asociație/SRL), authorisation date, levels, address.","Open the public register (PDF/XLS), filter nivel 'preșcolar'; the operating entity name reveals chains; cross-check with ONRC/termene.ro for administrators.",,cee_sources.json
BG,МОН – Регистър на институциите в системата на предучилищното и училищното образование,https://www.mon.bg/bg/100150 (register app: https://registers.mon.bg/ ; open data: https://data.egov.bg/),"All детски градини incl. частни (private): code, name, вид (частна/общинска), address, director (директор), phone, email, capacity/groups.",Use registers.mon.bg search with 'вид институция = детска градина' and 'финансиране = частна'; export; director name appears in record; cross-check owner via Търговски регистър (brra.bg).,,cee_sources.json
ALL,Nord Anglia / Cognita / AcadeMedia / Inspired group school lists,https://www.nordangliaeducation.com/our-schools ; https://www.academedia.se ; https://www.cognita.com/our-schools,"Group-owned international schools with early-years sections in Warsaw, Prague, Bratislava, Budapest; AcadeMedia's KIDS&Co. (Poland).",Scrape 'our schools' pages by country; group procurement contacts via corporate site.,,cee_sources.json
DE,kita.de Trägerverzeichnis,https://www.kita.de/traeger/,"Directory of ~20,000 German Kita-Träger with linked Kita lists, addresses, contact persons ('Träger-Ansprechpartner'), site counts.","Browse /traeger/ pages or scrape by Träger ID (e.g. /traeger/21229/kitas); export name, address, number of Kitas, contact.",,dach_sources.json
DE,kitanetz.de,https://www.kitanetz.de,"Kita and Träger directory by Land/PLZ with Träger profile pages (t_trid), Leitung names, phone, email, Betreuungsform.",Iterate traeger-ausgabe1.php?t_trid=N and Land/PLZ pages; parse Leitung/contact fields.,,dach_sources.json
DE,kitaatlas.de,https://www.kitaatlas.de,"Kita atlas with per-Kita pages incl. Träger, concept, contact.",Crawl city pages; dedupe by Träger.,,dach_sources.json
DE,Berlin Kita-Navigator,https://kita-navigator.berlin.de,"Official Berlin registry of all ~2,800 Kitas with Träger, capacity, free places, contact.",Public search; export via filters by district/Träger; JSON endpoints behind the map.,,dach_sources.json
DE,Hamburg Kita-Info-System,https://www.hamburg.de/kita-info,"Official Hamburg Kita directory (~1,100 Kitas) with Träger and contact.",Search by district; scrape list pages.,,dach_sources.json
DE,München kita finder+,https://stadt.muenchen.de/service/info/...,"City of Munich official list of all Kitas incl. private operators (Infanterix, Wichtel, Elly & Stoffl ...), with Träger and Leitung.",Use stadt.muenchen.de 'Einrichtungen zur Kinderbetreuung' pages; filter by Träger.,,dach_sources.json
DE,Kita.NRW Kita-Finder,https://www.kita.nrw.de,"NRW state Kita-Finder covering ~10,000 Kitas with Träger, concept, contact.",Search by Kommune; scrape result JSON.,,dach_sources.json
DE,Little Bird / Kitaplatz portals (multiple municipalities),https://www.little-bird.de,Municipal placement portals listing all Kitas of a municipality with Träger.,Per-municipality instances; scrape provider lists.,,dach_sources.json
DE,pflegemarkt.com - Liste der 100 größten Kita-Träger,https://www.pflegemarkt.com/produkte/liste-100-groesste-kita-traeger/,"Ranked list of largest German Kita operators (public, church, private) with site counts; free article + paid Excel.",Read free ranking articles (2023 edition) for top-50 names; buy list for full data.,,dach_sources.json
DE,Deutscher Kitaverband - Mitglieder,https://www.deutscher-kitaverband.de,Association of free/private Kita operators; member list includes most private chains.,Scrape member logos/list page.,,dach_sources.json
DE,Destatis Kinder- und Jugendhilfestatistik / Bertelsmann Ländermonitor,https://www.laendermonitor.de,Official statistics on Kitas per Land and Träger type; useful for sizing.,Download tables; not lead-level.,,dach_sources.json
DE,Northdata / Handelsregister,https://www.northdata.de,"Company register data: Geschäftsführer names, changes, shareholder (e.g. Babilou, AcadeMedia).",Search by company; confirm decision makers.,,dach_sources.json
AT,Statistik Austria Kindertagesheimstatistik,https://www.statistik.at/statistiken/bevoelkerung-und-soziales/bildung/kindertagesheime-kinderbetreuung,Annual statistics of all Austrian Kindertagesheime by Erhalter (operator) type and Land.,Download XLS; use for sizing by Land.,,dach_sources.json
AT,Stadt Wien Kindergarten-Suche (Kindergärten in Wien),https://www.wien.gv.at/bildung/kindergarten/,Official Vienna directory of municipal and private Kindergärten/Kindergruppen with Träger.,Search by Bezirk; scrape result list.,,dach_sources.json
AT,Kinderbetreuungsatlas Oberösterreich,https://www.kinderbetreuung-ooe.at,Upper Austria childcare atlas listing every institution with Rechtsträger.,Filter by Rechtsträger.,,dach_sources.json
AT,NÖ Kinderbetreuungsatlas,https://www.noe.gv.at/noe/Kinderbetreuung/,"Lower Austria directory of Kindergärten, Tagesbetreuung.",Scrape municipality pages.,,dach_sources.json
AT,Kinderbetreuung Steiermark - Verzeichnis,https://www.kinderbetreuung.steiermark.at,Styria directory of Kinderkrippen/Kindergärten/Horte incl. Träger.,Export list.,,dach_sources.json
AT,Firmenbuch / WKO Firmen A-Z,https://firmen.wko.at,"Austrian company register data for private operators (Kindercompany, Nanaya).",Search by name; confirm GF.,,dach_sources.json
CH,kibesuisse Mitgliederverzeichnis,https://www.kibesuisse.ch,"Swiss childcare association; searchable member directory of Kitas, Tagesfamilien organisations.",Scrape directory by canton.,,dach_sources.json
CH,kinderkrippen-online.ch / kitaplatz.ch,https://www.kinderkrippen-online.ch,Private Swiss Kita directories with operator and contact.,Scrape by canton.,,dach_sources.json
CH,Stadt Zürich Kita-Verzeichnis,https://www.stadt-zuerich.ch/kitas,Official list of all Zurich Kitas with Trägerschaft and subsidy status.,Download list / open data portal.,,dach_sources.json
CH,Moneyhouse / Zefix,https://www.zefix.ch,"Swiss commercial register: legal entity, board members for Kita AGs/GmbHs (e.g. Kita Luna GmbH Aesch, globegarden Stiftung).",Search by name; read board.,,dach_sources.json
CH,"Canton directories (e.g. Kanton Bern Kitas, Basel-Stadt Tagesbetreuung)",https://www.gef.be.ch,Cantonal lists of licensed Kitas.,Per canton.,,dach_sources.json
LI,kita.li - Verein Kindertagesstätten Liechtenstein,https://www.kita.li,Lists all Kitas of the main Liechtenstein operator.,Manual.,,dach_sources.json
LI,Amt für Soziale Dienste Liechtenstein - Kinderbetreuung,https://www.llv.li,Government list of licensed childcare providers in Liechtenstein.,Manual.,,dach_sources.json
NL,Landelijk Register Kinderopvang (LRK) – open data export,https://www.landelijkregisterkinderopvang.nl/pp/StartPaginaOpenData.jsf,"Every registered KDV, BSO, gastouderbureau and gastouder in NL with houder (operator) name, KvK number, address, registered child places, registration date, inspection status. Updated daily; CSV/XML download.","Download the CSV export, filter opvangvorm = 'KDV', group by 'naam houder' / KvK number to compute locations and total kindplaatsen per operator, then join to KvK (Handelsregister) for board members and to LinkedIn for titles.",,fr_benelux_sources.json
NL,Kinderopvang-Wijzer Top 100 grootste kinderopvangorganisaties (quarterly),https://www.kinderopvang-wijzer.nl/top-100-grootste-kinderopvangorganisaties-december-2025/,"Ranked list of the 100 largest NL childcare organisations (concern level) with locations, child places and market share, derived from LRK; quarterly editions incl. March and June 2026.","Copy table from the page for each quarter; organisation pages on the same site give KvK numbers, addresses and location lists.",,fr_benelux_sources.json
NL,GGD inspection reports (Inspectierapporten kinderopvang),https://www.landelijkregisterkinderopvang.nl/,PDF inspection reports per location naming the houder and often the location manager and parent-communication app in use.,"Search a location in LRK, open 'Inspectierapporten'; scrape PDFs for 'houder' and 'ouderapp' mentions.",,fr_benelux_sources.json
NL,KvK Handelsregister / Open Data Statistiek (SBI 88.911 kinderopvang),https://www.kvk.nl/handelsregister/,"Legal entity, bestuurders (directors), addresses for all companies with SBI 88.911 (kinderopvang) and 88.912 (peuterspeelzalen).",Use the KvK API (paid per call) or the free web search; filter by SBI 88911; export directors.,,fr_benelux_sources.json
BE,Opgroeien / Kind en Gezin – Zoek kinderopvang (Flanders & Brussels NL) + open data,https://www.kindengezin.be/nl/zoek-kinderopvang,"All licensed (vergunde) kinderopvang locations in Flanders and Dutch-speaking Brussels with organiser (organisator) name, capacity, subsidy tier (T1/T2/T3), address. Open datasets on data.vlaanderen.be / opgroeien.be.",Download the open dataset 'Kinderopvanglocaties baby's en peuters' from https://www.opgroeien.be/kennis/cijfers-en-rapporten or the Vlaanderen open data portal; group by organiser (ondernemingsnummer) to compute size; join to KBO for administrators.,,fr_benelux_sources.json
BE,ONE – Office de la Naissance et de l'Enfance (Wallonia-Brussels) – Milieux d'accueil register,https://www.one.be/public/,"Authorised crèches, MCAE, maisons d'enfants and co-accueil in Wallonia and French-speaking Brussels with 'pouvoir organisateur' (operator), address, capacity, subsidy status.","Use the 'Trouver un milieu d'accueil' search and export per province; request the open data file from ONE (data available via Open Data Wallonie-Bruxelles, odwb.be, dataset 'Milieux d'accueil ONE').",,fr_benelux_sources.json
BE,KBO/BCE – Banque-Carrefour des Entreprises + Moniteur belge (NACE 88.91),https://kbopub.economie.fgov.be/kbopub/zoeknaamfonetischform.html,Company/asbl records for NACE 88.91 (child day-care activities) with addresses; Moniteur belge annexes list administrators/directors.,Filter by NACE 88.91 in KBO public search (or KBO open data files); look up ejustice.just.fgov.be for board appointments.,,fr_benelux_sources.json
FR,monenfant.fr (CNAF) – annuaire des crèches,https://monenfant.fr/,"All French EAJE (crèches, micro-crèches, multi-accueils) with gestionnaire name, capacity, address, type (PSU/PAJE), managed by CNAF.",Use the search by commune/department and the 'gestionnaire' field; CNAF publishes EAJE datasets on data.caf.fr ('Établissements d'accueil du jeune enfant') downloadable as CSV.,,fr_benelux_sources.json
FR,data.caf.fr – open data EAJE (CNAF),https://data.caf.fr/,"Datasets of EAJE establishments financed by CAF: gestionnaire, type of manager (public/associatif/entreprise), places, commune, year.",Download the EAJE dataset CSV; group by gestionnaire to size operators; join to SIRENE by SIREN where provided.,,fr_benelux_sources.json
FR,SIRENE open data (INSEE) – NAF 88.91A Accueil de jeunes enfants,https://www.sirene.fr/,"Every French legal unit and establishment with NAF 88.91A (crèches, micro-crèches, haltes-garderies), including headcount band, creation date, address, SIREN/SIRET.",Use annuaire-entreprises.data.gouv.fr or the INSEE Sirene API with activitePrincipaleUniteLegale=88.91A; download the StockEtablissement CSV and filter; then use Pappers.fr / INPI RNE for dirigeants (legal representatives).,,fr_benelux_sources.json
FR,INPI Registre National des Entreprises (RNE) / Pappers.fr,https://annuaire-entreprises.data.gouv.fr/,"Official directors (dirigeants), financial statements, beneficial owners for crèche companies (e.g., Evancia, Grandir, La Maison Bleue).",Search by company name or SIREN; the dirigeants tab lists names and roles; Pappers offers CSV export and API.,,fr_benelux_sources.json
FR,Fédération Française des Entreprises de Crèches (FFEC) member list,https://www.ff-entreprises-creches.com/,Members list of private crèche companies (groups and SMEs) with websites.,Scrape the 'Nos adhérents' page; cross-reference with SIRENE.,,fr_benelux_sources.json
LU,MENJE – Liste des services d'éducation et d'accueil (SEA) agréés / chèque-service accueil prestataires,https://men.public.lu/fr/enfance/accueil.html,"Ministry list of licensed crèches, foyers de jour, maisons relais and mini-crèches in Luxembourg with operator (gestionnaire), address, capacity and CSA participation.",Download the PDF/Excel list of 'structures d'accueil agréées' from the MENJE page (also available on data.public.lu 'Services d'éducation et d'accueil'); group by gestionnaire.,,fr_benelux_sources.json
LU,data.public.lu – open data portal (structures d'accueil pour enfants),https://data.public.lu/fr/datasets/?q=cr%C3%A8che,"Open datasets of childcare structures (crèches, maisons relais) with geolocation and operator.",Search 'crèche' or 'structures d'accueil'; download CSV/GeoJSON; join with LBR.,,fr_benelux_sources.json
LU,Luxembourg Business Registers (LBR/RCS),https://www.lbr.lu/,"Company records and managers (gérants/administrateurs) for crèche operators (SARL, asbl).",Free search by name; download extracts (paid) for managers; NACE 88.91.,,fr_benelux_sources.json
EU,LinkedIn company pages / Sales Navigator (industry: Child Day Care Services),https://www.linkedin.com/,"Current CEO / bestuurder / DG names, titles and headcount for each operator.","Filter by industry 'Individual and Family Services' / keyword kinderopvang, crèche; geography FR/NL/BE/LU; titles CEO, Bestuurder, Directeur Général.",,fr_benelux_sources.json
NO,Barnehagefakta.no (Utdanningsdirektoratet),https://www.barnehagefakta.no,"Every Norwegian barnehage: name, org.nr, owner type (privat/kommunal), address, number of children, staffing ratios, parent survey scores, contact, website","Open API used by the site: https://www.barnehagefakta.no/api/ (e.g. /api/Barnehage/{orgnr}, /api/Location/kommune/{kommunenr}); also Udir's open data at https://data.udir.no; iterate kommune numbers and dump JSON to CSV, filter eierform=privat.",,nordics_sources.json
NO,Nasjonalt barnehageregister (NBR) / Udir data,https://data-nbr.udir.no/,"Registry of all barnehager with org numbers, owner (eier) org number, status, addresses; enables grouping units by owner to identify chains","REST API https://data-nbr.udir.no/v4/enheter (JSON), download all and group by 'ErInaktiv=false' and eier orgnr; join with Brønnøysund (data.brreg.no/enhetsregisteret/api) for owner names and roles (daglig leder).",,nordics_sources.json
NO,Brønnøysundregistrene Enhetsregisteret API,https://data.brreg.no/enhetsregisteret/api/,"Company master data incl. naeringskode 88.911 (barnehager), daglig leder / styreleder roles, addresses, email/phone if registered",GET /enheter?naeringskode=88.911&size=1000 (paginate); GET /enheter/{orgnr}/roller for daglig leder names.,,nordics_sources.json
NO,PBL medlemsbarnehager,https://www.pbl.no/finn-barnehage/,"1,695 member private barnehager with contact details",Site search by kommune; scrape listing pages or request member list via PBL for partnership.,,nordics_sources.json
NO,Barnehagekartet.no,https://barnehagekartet.no,"Aggregated directory and statistics of Norwegian barnehager by kommune, incl. private chains",Browse per kommune/bydel pages; scrape HTML listings.,,nordics_sources.json
SE,Skolverket Skolenhetsregistret (API),https://www.skolverket.se/skolutveckling/statistik/skolenhetsregistret,"All förskolor with huvudman (operator) name and org.nr, address, municipality, status",API: https://api.skolverket.se/skolenhetsregistret/v1/skolenhet (JSON); filter Skolform=Förskola; group by Huvudman org.nr to find chains; join with Bolagsverket/allabolag for VD names.,,nordics_sources.json
SE,Skolkoll.se / skolkollen.se (huvudman & koncern pages),https://skolkoll.se,"Per operator (huvudman) and per group (koncern) listings of förskolor, e.g. Atvexa 161 units, Pysslingen 86",Scrape /huvudman/ and /koncern/ pages.,,nordics_sources.json
SE,Bolagsfakta.se / allabolag.se,https://www.bolagsfakta.se,"VD, board, employees, revenue per AB (used to confirm Dibber Sverige VD, Norlandia Förskolor board)",Search by org.nr obtained from Skolverket huvudman field.,,nordics_sources.json
DK,Børne- og Undervisningsministeriet - Institutionsregistret,https://www.stil.dk/administration-og-infrastruktur/institutionsregistret,"All Danish daginstitutioner with institutionsnummer, type (kommunal/selvejende/privat), address, leader contact","Download via https://institutionsregister.stil.dk (CSV/XML export, filter institutionstype = dagtilbud, ejerforhold = privat/selvejende).",,nordics_sources.json
DK,Danmarks Statistik (BOERN / dagtilbud tables),https://www.statistikbanken.dk,Counts of children per institution type and municipality,StatBank API (JSON/CSV) tables BOERN1-4.,,nordics_sources.json
DK,CVR (Virk Data) API,https://datacvr.virk.dk,"Legal entities with branchekode 88.91.10 (dagplejer/daginstitutioner), directors (direktion), addresses",CVR search by branchekode; Elasticsearch API for bulk via Virk.,,nordics_sources.json
FI,Varda (Opetushallitus early childhood registry) - open data,https://virkailija.opintopolku.fi/varda/julkinen,"All Finnish päiväkodit (public and private) with organiser (toimija), unit type, municipality, child counts","Public API: https://backend.varda.opintopolku.fi/api/julkinen/v1/ (JSON, paginated); group by 'vakajarjestaja' to find private chains.",,nordics_sources.json
FI,Opetushallitus Vipunen statistics,https://vipunen.fi,Early-childhood education statistics by provider type and municipality,Excel/CSV downloads under 'Varhaiskasvatus'.,,nordics_sources.json
FI,YTJ / PRH company register,https://www.ytj.fi,Company data incl. toimiala 88911 (lasten päiväkodit) and board/CEO,Open API https://avoindata.prh.fi/ytj.html filter by business line code.,,nordics_sources.json
IS,Hagstofa Íslands (Statistics Iceland) - leikskólar,https://hagstofa.is/talnaefni/samfelag/menntun/leikskolastig/,"Number of leikskólar, children and staff by municipality and ownership (public/private)",PX-Web API export CSV/JSON.,,nordics_sources.json
IS,Menntamálastofnun / Miðstöð menntunar og skólaþjónustu school list,https://mms.is,Directory of leikskólar with contact and operator,Download list; complement with Reykjavík city leikskóli directory https://reykjavik.is/leikskolar.,,nordics_sources.json
EE,EHIS - Eesti Hariduse Infosüsteem (public search),https://www.ehis.ee,"All licensed preschools (koolieelsed lasteasutused) incl. private, owner, address, contacts, group counts","Use public 'Õppeasutuste otsing', filter by type 'koolieelne lasteasutus' and owner type 'era'; export table or scrape per county.",,other_sources.json
EE,Tallinn Haridusamet teatmik,https://teatmik.haridus.ee/,"Directory of Tallinn kindergartens incl. private, with contacts",Browse/scrape list pages; filter private (eralasteaed).,,other_sources.json
LV,VIIS - Valsts izglītības informācijas sistēma / Izglītības iestāžu reģistrs,https://viis.lv,"Register of all education institutions incl. private preschools with founder, licence and contacts","Public register search 'Izglītības iestāžu reģistrs', filter type 'pirmsskolas izglītības iestāde' and founder 'juridiska persona'; CSV export available in open-data portal data.gov.lv.",,other_sources.json
LV,Rīga IKSD iestāžu katalogs,https://katalogs-iksd.riga.lv,Riga city catalogue of preschools incl. private with addresses/contacts,Scrape institution list pages.,,other_sources.json
LT,AIKOS (Švietimo valdymo informacinė sistema / ŠVIS),https://www.aikos.smm.lt,"Register of education providers incl. private kindergartens (ikimokyklinio ugdymo įstaigos) with codes, owner, address, contacts",Use 'Švietimo teikėjai' search; filter by ugdymo tipas 'ikimokyklinis' and steigėjas 'privatus'; open-data at data.gov.lt / svis.emokykla.lt.,,other_sources.json
SI,MVI Evidenca zavodov in programov (Register vrtcev),https://paka3.mss.edus.si/registriweb/,"Official register of kindergartens incl. zasebni vrtci with units, director, address","Query 'Seznam vrtcev', filter private; export list; cross-check with AJPES for company data.",,other_sources.json
HR,MZO e-Vrtići / Registar dječjih vrtića,https://mzo.gov.hr/istaknute-teme/odgoj-i-obrazovanje/rani-i-predskolski-odgoj-i-obrazovanje/,Ministry register of kindergartens by founder (private/religious/city) with contacts,Download register spreadsheet; filter osnivač 'privatni'; supplement with Zagreb city list vrtici.zagreb.hr and gugalaga.com map.,,other_sources.json
RS,MPNTR / JISP - Registar predškolskih ustanova,https://prosveta.gov.rs,Ministry list of verified private preschool institutions (PPU) by city,Request/scrape list of verifikovane privatne predškolske ustanove; supplement with vrticibeograd.rs directory.,,other_sources.json
BA,Entity ministries (FBiH Ministarstvo obrazovanja / RS Ministarstvo prosvjete) kindergarten lists,https://www.vladars.net,Cantonal/entity registers of predškolske ustanove,Contact cantonal ministries (e.g. Kanton Sarajevo) for registar; scrape municipal lists.,,other_sources.json
ME,Ministarstvo prosvjete Crne Gore - registar ustanova,https://www.gov.me/mps,List of licensed public and private preschools,Scrape institution list; cross-check CRPS company register.,,other_sources.json
MK,Ministry of Labour and Social Policy (МТСП) - private kindergarten list,https://www.mtsp.gov.mk,Licensed private детски градинки,Request list; scrape municipal sites.,,other_sources.json
AL,Ministria e Arsimit / QSHA - lista e kopshteve private,https://arsimi.gov.al,Licensed private kopshte,Request list per bashki; supplement with QKB business register.,,other_sources.json
XK,MASHTI - lista e institucioneve parashkollore private,https://masht.rks-gov.net,Licensed private preschools,Request from ministry; municipal education directorates publish lists.,,other_sources.json
MD,Ministerul Educației și Cercetării - registrul instituțiilor de educație timpurie,https://mec.gov.md,Public/private grădinițe register,Scrape SIME/registry; supplement with ANSA licensing lists.,,other_sources.json
UA,ISUO - Інформаційна система управління освітою,https://isuo.org,"All ЗДО (kindergartens) by region incl. private with EDRPOU, address, director",Browse region > type 'ЗДО' > ownership 'приватна'; scrape pages; cross-check youcontrol.com.ua.,,other_sources.json
UA,sadok.ua / dityvmisti.ua catalogues,https://sadok.ua/kyiv/pryvatni-dytsadky,Directories of private kindergartens in Kyiv with reviews and contacts,Scrape listing pages.,,other_sources.json
TR,MEB Özel Öğretim Kurumları Genel Müdürlüğü - kurum listesi (MEBBİS),https://ookgm.meb.gov.tr,List of all private schools incl. özel anaokulu by il/ilçe with founder,"Use 'Özel Öğretim Kurumları Bilgi Sistemi' public query or MEB open data; filter kurum türü 'Özel Anaokulu', il İstanbul.",,other_sources.json
TR,UFRAD / Kobi Vadisi franchise directories,https://www.kobivadisi.com/bayilik-veren-firmalar/egitim/anaokulu,Anaokulu franchise brands with branch counts and HQ contacts,Scrape category pages.,,other_sources.json
MC,Direction de l'Éducation Nationale Monaco,https://www.gouv.mc,List of écoles maternelles,Manual.,,other_sources.json
AD,Ministeri d'Educació Andorra - centres educatius,https://www.educacio.ad,Public and private centres incl. infantil,Manual list.,,other_sources.json
,OpenStreetMap Overpass API (amenity=kindergarten / childcare),https://overpass-turbo.eu/,"Geocoded kindergartens, nurseries, crèches, Kitas across all European countries with name, operator, website, phone, address tags where mapped","Overpass QL: [out:json]; area[""ISO3166-1""=""DE""]->.a; (node[amenity=kindergarten](area.a); way[amenity=kindergarten](area.a);); out center tags; also amenity=childcare; group by operator tag to find chains; export CSV/GeoJSON",free,paneuro_sources.json
,Wikidata SPARQL,https://query.wikidata.org/,"Entities for childcare companies (Babilou, Busy Bees, Grandir, AcadeMedia etc.) with owner (P127), CEO (P169), HQ (P159), website (P856), employees","SPARQL: ?item wdt:P452 wd:Q... (industry: childcare) or search by name; pull P169 CEO, P127 owned by, P856 website",free,paneuro_sources.json
,OpenCorporates,https://opencorporates.com/,"Company registrations, officers, group structures across 140 jurisdictions incl. UK, FR, NL, DE (partial), NO, SE, DK","Search company name; officers tab for directors; API free for open-data/non-commercial use with key; use to map subsidiaries of Grandir, Babilou, Partou","free (API key, rate-limited)",paneuro_sources.json
,UK Companies House API / Find and update company information,https://developer.company-information.service.gov.uk/,"All UK nursery companies, officers (directors), PSC (owners), accounts PDFs with revenue and site counts; SIC 88910 (child day-care activities)",Advanced search by SIC 88910 and status active; GET /company/{no}/officers; download accounts; also bulk 'Basic company data' CSV monthly,free,paneuro_sources.json
,Handelsregister / Unternehmensregister (Germany),https://www.handelsregister.de/ and https://www.unternehmensregister.de/,"German GmbH/gGmbH registrations, Geschäftsführer, HRB numbers, annual accounts (Bundesanzeiger) for Kita operators",Search by name (e.g. 'Babilou Family Deutschland'); registered documents free since 2022; Northdata.com mirrors officer changes free for basic view,free,paneuro_sources.json
,KVK (Netherlands Chamber of Commerce) + LRK (Landelijk Register Kinderopvang),https://www.kvk.nl/ and https://www.landelijkregisterkinderopvang.nl/,"LRK lists every registered Dutch childcare location with operator (houder) name, address, capacity, GGD inspection reports; KVK gives company officers","LRK open data export (CSV/XML via data.overheid.nl 'Landelijk Register Kinderopvang'); group by houder to rank chains (Partou, Humankind, Kindergarden); KVK search per houder for bestuurders (paid extract EUR 2.50, basic info free)",free (LRK); KVK basic free,paneuro_sources.json
,INPI / SIRENE open data + Pappers (France),https://www.pappers.fr/ and https://annuaire-entreprises.data.gouv.fr/,"All French crèche companies (NAF 88.91A accueil de jeunes enfants), dirigeants, chiffre d'affaires, comptes annuels, group structure",Filter NAF 8891A by revenue; Pappers gives dirigeants and CA free; SIRENE bulk CSV from data.gouv.fr; also 'monenfant.fr' lists every crèche with gestionnaire,free,paneuro_sources.json
,monenfant.fr (CNAF),https://monenfant.fr/,"Official French directory of all crèches/EAJE with gestionnaire (operator), capacity, address",Search by département; scrape or use data.caf.fr open datasets ('Établissements d'accueil du jeune enfant') to list sites per operator,free,paneuro_sources.json
,Brønnøysundregistrene (Norway) + Barnehagefakta / BASIL,https://data.brreg.no/ and https://www.barnehagefakta.no/,"Norwegian company register API (roles/daglig leder) and the national kindergarten register with owner (eier), children, staff per barnehage","Barnehagefakta API / Udir 'Barnehagefakta' open data lists all ~5,500 barnehager with eierform and eier; brreg API /enhetsregisteret/api/enheter?naeringskode=88.911 for operators and /roller for CEOs",free,paneuro_sources.json
,Bolagsverket / Allabolag (Sweden) + Skolverket Skolenhetsregistret,https://www.allabolag.se/ and https://www.skolverket.se/skolutveckling/statistik/skolenhetsregistret,"Swedish preschool (förskola) units with huvudman (operator), plus company officers and revenue","Skolenhetsregistret API (open) filtered by skolform=Förskola; group by huvudman; Allabolag for VD, revenue per company (free basic)",free,paneuro_sources.json
,CVR.dk (Denmark),https://datacvr.virk.dk/,"Danish company register with directors, ownership, accounts; private daginstitutioner",Search branchekode 88.91.00; API access free with registration,free,paneuro_sources.json
,PRH/YTJ (Finland) + Varda,https://www.ytj.fi/,"Finnish company register; private päiväkoti operators (Touhula, Pilke, Norlandia, Dibber)",Search by name/TOL 88911; officers via avoindata.prh.fi API,free,paneuro_sources.json
,KRS / CEIDG Poland + RSPO (Rejestr Szkół i Placówek Oświatowych),https://rspo.gov.pl/ and https://ekrs.ms.gov.pl/,"All Polish przedszkola and żłobki with organ prowadzący (operator); KRS for company boards (Dibber, Norlandia, KIDS&Co)",RSPO open API/CSV filtered by typ=Przedszkole and niepubliczne; group by operator; KRS free search for zarząd,free,paneuro_sources.json
,Zefix / SHAB (Switzerland) + kibesuisse member list,https://www.zefix.ch/ and https://www.kibesuisse.ch/,Swiss commercial register (owners/GL) and the national childcare association member directory,Zefix API free; kibesuisse 'Mitglieder' directory for Kita operators; cantonal Kita lists (e.g. Zurich 'Kita-Verzeichnis'),free,paneuro_sources.json
,EU Open Data Portal / data.europa.eu,https://data.europa.eu/,Aggregated national datasets on childcare facilities and Eurostat childcare enrolment; links to national open registers,"Search 'kindergarten', 'childcare', 'crèche', 'kinderopvang'; download CSV per member state",free,paneuro_sources.json
,Ofsted childcare providers dataset (England),https://www.gov.uk/government/statistical-data-sets/childcare-providers-and-inspections-management-information,"Every registered early-years provider in England with provider name, organisation/owner, address, places, inspection grade","Download monthly Excel; group by 'Provider name' / 'Registered person' to rank groups (Busy Bees, Kids Planet, Bright Horizons, Partou UK, Grandir UK)",free,paneuro_sources.json
,Tusla Early Years register (Ireland),https://www.tusla.ie/services/preschool-services/list-of-preschool-services/,All Irish early-years services with registered provider name and capacity,"Download county CSVs; group by provider (Giraffe/Busy Bees, Tigers, Links)",free,paneuro_sources.json
,Nursery World Nursery Chains / Nursery Groups Report,https://www.nurseryworld.co.uk/,"Annual league table of UK's largest nursery groups (site counts, ownership, MDs) and daily M&A news",Read 'Nursery Groups Report 2026' article; free with registration; track 'acquires' news for warm outreach,free (registration) / print subscription paid,paneuro_sources.json
,NMT Magazine (Nursery Management Today),https://nmt-magazine.co.uk/,"UK nursery leadership appointments, acquisitions, PE deals, vendor news",Search site for group names; use appointment news to find MDs/operations directors,free,paneuro_sources.json
,LaingBuisson Childcare UK Market Report,https://www.laingbuisson.com/,"UK childcare market sizing, top-30 operators, PE ownership",Press releases and free summary pages; full report paid,summary free; report paid (GBP 1k+),paneuro_sources.json
,Christie & Co / Cattaneo / Lincoln / Clearwater deal pages,https://www.christie.com/news-resources/,"Childcare M&A announcements naming buyers, sellers and site counts across UK/FR/NL",Filter news by 'childcare'/'nursery'; each release names the acquiring group and often its MD,free,paneuro_sources.json
,Fédération Française des Entreprises de Crèches (FFEC),https://www.ff-entreprises-creches.com/,"French private crèche operator association: member list (Babilou, Grandir/LPCR, LMB, People&Baby and 100+ SMEs), sector studies",Members page; annual 'Baromètre' PDF for market data,free,paneuro_sources.json
,Branchevereniging Maatschappelijke Kinderopvang (BMK) and Brancheorganisatie Kinderopvang (BK) NL,https://www.kinderopvang.nl/ and https://www.bmko.nl/,Dutch childcare employer associations with member lists (commercial and non-profit chains),Member directories on site; combine with LRK data,free,paneuro_sources.json
,Early Years Alliance and NDNA (UK),https://www.eyalliance.org.uk/ and https://ndna.org.uk/,"UK sector bodies; NDNA publishes member nursery finder, surveys, policy briefings",NDNA 'find a nursery' member search; conference sponsor/exhibitor lists to see incumbents,free,paneuro_sources.json
,"PBL (Private Barnehagers Landsforbund, Norway)",https://www.pbl.no/,"Norwegian private kindergarten association (~2,000 members), tariff/finance data, member barnehage search",'Finn barnehage' member search; news on chains,free,paneuro_sources.json
,Friskolornas riksförbund / Almega Utbildningsföretagen (Sweden),https://www.friskola.se/,Swedish independent school and preschool association member lists,Member search by 'förskola',free,paneuro_sources.json
,Deutscher Kitaverband / VKMK / Bundesverband für Kindertagespflege (Germany),https://www.deutscher-kitaverband.de/,"Association of free/private Kita operators in Germany, members include Kinderzentren Kunterbunt, educcare, Stepke, FRÖBEL etc.",Mitglieder page; also kita.de 'Träger' directory and kitanetz.de list Kitas per Träger,free,paneuro_sources.json
,kita.de / kitanetz.de Träger directories,https://www.kita.de/traeger/,German Kita directory grouped by operator with site counts and contact info,Browse Träger pages (e.g. KiKu Kinderzentren Kunterbunt gGmbH) and export lists,free,paneuro_sources.json
,LinkedIn Sales Navigator (free trial) + LinkedIn company pages,https://business.linkedin.com/sales-solutions/sales-navigator,"Decision makers by title at each group (CEO, COO, CDO, Country MD, Head of Digital, Head of Parent Experience)","30-day free trial; filter company = Grandir/Babilou/Partou/Busy Bees etc., title keywords 'digital', 'product', 'IT', 'operations'; export via lists","free trial, then ~USD 100/month",paneuro_sources.json
,Hunter.io,https://hunter.io/,"Email patterns and verified addresses per domain (e.g. grandir.com, babilou.fr, partou.nl)",Domain search 25 free/month; Email Finder for named contacts,free tier (25 searches/month),paneuro_sources.json
,Apollo.io,https://www.apollo.io/,"Contact database with titles, emails, phone for childcare groups; company technographics","Free plan: filter industry 'Individual & Family Services' / keywords 'nursery', 'childcare', 'crèche', 'Kita'; 10k credits free/year with limits",free tier,paneuro_sources.json
,Google Maps Places API (New),https://developers.google.com/maps/documentation/places/web-service,"Business listings with type 'child_care_agency'/'preschool', phone, website, ratings",Text Search 'Kita' / 'crèche' / 'kinderopvang' per city; USD 200 monthly free credit covers ~10k requests,free credit USD 200/month,paneuro_sources.json
,Northdata,https://www.northdata.com/,"German/Austrian/Swiss/UK company officers, register changes, group trees (e.g. Babilou Family Deutschland, AcadeMedia PreSchools GmbH)",Free search shows officer appointments/removals and network graph,free basic,paneuro_sources.json
,Proff.no / Proff.se / Purehelp,https://www.proff.no/,"Nordic company financials, daglig leder/VD, org numbers for Norlandia, Læringsverkstedet, Espira, Dibber",Search company; roles and revenue free,free basic,paneuro_sources.json
,Bundesanzeiger / Stamdata / Euronext bond reports,https://feed.stamdata.com/,Bond-issuer interim reports (Norlandia Health & Care Group) with segment site counts and revenue,Search ISIN NO0013513598; download quarterly PDFs,free,paneuro_sources.json
,Famly / Kidiwi / Meeko / Vigilo / Kidplan customer pages and case studies,https://www.famly.co/customers,Named customer groups per parent-app vendor - shows incumbent software at each chain,Read case-study lists; cross-reference with Ofsted/LRK to size accounts,free,paneuro_sources.json
,Preqin / PitchBook / Crunchbase / Dealroom free profiles,https://www.crunchbase.com/,"Ownership, investors and funding history for childcare platforms; Crunchbase and Dealroom show basics free",Search org name; note investor names and acquisition dates,free basic; full paid,paneuro_sources.json
,Autorité de la concurrence / EU Commission merger decisions,https://www.autoritedelaconcurrence.fr/en and https://competition-cases.ec.europa.eu/,"Merger clearances with market shares, site counts, operator descriptions (Grandir/Liveli, Onex/Waterland/Partou M.9342)","Search 'crèche', 'childcare', 'kinderopvang'; read decision PDFs",free,paneuro_sources.json
,IGAS / Cour des comptes / national audit reports,https://www.igas.gouv.fr/,"Inspection reports on private crèche groups (La Maison Bleue 2025, People&Baby) revealing structure, governance names, site counts","Download PDFs; search for 'directeur', 'DSI'",free,paneuro_sources.json
ES,Registro Estatal de Centros Docentes no Universitarios (RCD) - Ministerio de Educación,https://www.educacion.gob.es/centros/home.do,"All authorised non-university schools in Spain incl. Escuelas de Educación Infantil (first cycle 0-3 and second cycle 3-6): name, código de centro, address, phone, titularidad (público/privado/concertado), teachings offered.","Search by comunidad, provincia, 'Naturaleza: Privado' and 'Enseñanza: Educación Infantil (primer ciclo)'; export results per province; group by titular/owner name to detect chains (same titular across many códigos).",,south_sources.json
ES,Comunidad de Madrid - Buscador de centros educativos,https://www.comunidad.madrid/servicios/educacion/buscador-centros-educativos,"Madrid region schools incl. private 0-3 escuelas infantiles with address, phone, email, titular and website.","Filter Tipo de centro = Escuela de Educación Infantil, Titularidad = Privado; scrape listing pages or use datos.comunidad.madrid open-data CSV 'Centros educativos'.",,south_sources.json
ES,Ayuntamiento de Madrid open data - Escuelas infantiles municipales: empresas gestoras,https://datos.madrid.es/dataset/300307-0-escuelas-infantiles-empresas,List of municipal escuelas infantiles in Madrid city with the private company/cooperative managing each under concession.,"Download CSV/XLS; pivot by 'empresa gestora' to rank concession operators (Clece/Koala, Arasti Barca, Suara etc.) and count centres per operator.",,south_sources.json
ES,Generalitat de Catalunya - Mapa escolar / Cercador de centres educatius,https://mapaescolar.gencat.cat/,"All Catalan llars d'infants / escoles bressol (public and private) with codes, addresses, titularity.",Filter 'Ensenyament: Educació infantil primer cicle'; export; cross-reference municipal ones with ajuntament tender records to identify gestoras.,,south_sources.json
ES,Junta de Andalucía - Centros de infantil 0-3 años (Agencia Pública Andaluza de Educación),https://www.juntadeandalucia.es/organismos/desarrolloeducativoyformacionprofesional/areas/centros-educativos/centros-infantil.html,"Directory of adhered/authorised 0-3 centres in Andalusia (public and private conveniados), with titular details.",Use the consulta de centros; download lists per province; group by titular entity.,,south_sources.json
ES,"Franchise directories (mundofranquicia, franquiciashoy, quefranquicia, infofranquicias)",https://www.franquiciashoy.es/franquicias/franquicias-de-educacion-y-formacion/centros-de-educacion-infantilguarderias,"Profiles of escuela-infantil franchise brands with number of units, founding year, franchisor company and contact.","Scrape category pages; collect brand, units, franchisor S.L.; enrich company via einforma/iberinform (administrator names, CIF).",,south_sources.json
PT,"Carta Social (GEP / Ministério do Trabalho, Solidariedade e Segurança Social)",https://www.cartasocial.pt/,"Every social response in Portugal incl. Creche and Pré-escolar (IPSS, private, public): entity, capacity, address, contacts.",Use 'Pesquisa de respostas sociais' with resposta = Creche; export by distrito; group by entidade proprietária to find multi-site IPSS and private groups.,,south_sources.json
PT,DGEEC - Direção-Geral de Estatísticas da Educação e Ciência (Rede escolar / Estatísticas da Educação),https://www.dgeec.medu.pt/,"Statistics and lists of pré-escolar establishments (public, private, IPSS) with enrolment; 'Rede escolar' database of schools.",Download 'Perfil do Aluno'/'Educação em Números' and the school database (Estabelecimentos de ensino) as Excel; filter nível = pré-escolar and natureza = privado.,,south_sources.json
PT,Segurança Social - Lista de creches Creche Feliz / Creche gratuita,https://www.seg-social.pt/creche-feliz,"Creches with cooperation agreements participating in free-creche programme, by municipality and entity.",Download PDF/Excel lists per distrito and consolidate by entity.,,south_sources.json
IT,MIUR / MIM - Scuola in Chiaro,https://cercalatuascuola.istruzione.it/cercalatuascuola/,"All state and paritarie scuole dell'infanzia (3-6) with codice meccanografico, address, gestore (for paritarie), email/PEC.",Use open data 'Anagrafe scuole paritarie' CSV at dati.istruzione.it; filter tipologia = scuola dell'infanzia; group by gestore/ente to identify multi-site operators.,,south_sources.json
IT,ISTAT - Nidi e servizi integrativi per la prima infanzia,https://www.istat.it/statistiche-per-temi/focus/asili-nido/,"Annual census of nidi (public and private) by municipality: number of units, places, gestione diretta vs affidata, spesa.",Download I.Stat tables 'Servizi socio-educativi per la prima infanzia'; use to size markets and find municipalities with high outsourcing.,,south_sources.json
IT,"Anagrafe nazionale dei servizi educativi per l'infanzia (Sistema integrato 0-6, Ministero dell'Istruzione)",https://www.istruzione.it/sistema-integrato-06/,"National registry (in progress) of 0-3 nidi and sezioni primavera with gestore; regional registries (e.g. Emilia-Romagna 'SPI-ER', Lombardia 'AFAM', Toscana 'SIRI') list authorised nidi with managing entity.","Query regional open-data portals (dati.emilia-romagna.it, dati.lombardia.it, dati.toscana.it) for 'servizi educativi prima infanzia'; group by soggetto gestore.",,south_sources.json
IT,Albo cooperative / Registro Imprese (Infocamere) ATECO 88.91 & 85.10,https://www.registroimprese.it/,Company registry entries for social cooperatives and companies in childcare (88.91) and pre-primary education (85.10) with legal representatives and turnover.,Search by ATECO code and region; buy visure or use AIDA/Cerved exports for revenue ranking of operators.,,south_sources.json
GR,Ministry of Education (ΥΠΑΙΘΑ) - Registry of private nipiagogeia & school search,https://www.minedu.gov.gr/,Licensed private nipiagogeia and schools; regional directorates publish lists of private units.,Request/scrape the 'Μητρώο ιδιωτικών σχολείων' lists per Regional Directorate; filter nipiagogeia; match to operators.,,south_sources.json
GR,Ministry of Interior / Municipalities - Paidikoi Stathmoi (0-4) licences and EETAA voucher programme,https://www.eetaa.gr/,EETAA 'Εναρμόνιση Οικογενειακής και Επαγγελματικής Ζωής' publishes yearly lists of all participating public and private paidikoi stathmoi with capacity and operator.,Download annual 'Πίνακας δομών' Excel from eetaa.gr; group private structures by operator/company name to identify chains.,,south_sources.json
GR,GEMI (General Commercial Registry),https://www.businessregistry.gr/,Company data (legal reps) for private paidikoi stathmoi companies.,Search by activity code 88.91 / 85.10 and company name.,,south_sources.json
CY,"Ministry of Education, Sport and Youth - Registry of private nursery schools and kindergartens",https://www.moec.gov.cy/,Lists of registered private nipiagogeia/kindergartens (Δημοτική Εκπαίδευση - Ιδιωτικά Νηπιαγωγεία) by district.,Download the Ιδιωτικά Νηπιαγωγεία list (PDF) per district; consolidate; cross-check with Social Welfare Services list of registered day-care centres (βρεφοπαιδοκομικοί σταθμοί).,,south_sources.json
CY,Social Welfare Services (Deputy Ministry of Social Welfare) - Registered childcare centres,https://www.dmsw.gov.cy/,"Registered day-care centres for 0-4 (public, community, private).",Request/scrape the list; match operators.,,south_sources.json
MT,Ministry for Education - Registered Childcare Centres / Free Childcare Scheme list,https://education.gov.mt/,"All licensed childcare centres (0-3) in Malta and Gozo, and those on the Free Childcare Scheme, with address and operator.",Download the registered centres PDF; consolidate; identify operators with several licences.,,south_sources.json
MT,Malta Business Registry,https://registry.mbr.mt/,Company officers for childcare operating companies.,Search by company name from the licence list.,,south_sources.json
EU,Eurydice - Early Childhood Education and Care country reports,https://eurydice.eacea.ec.europa.eu/,"Structure of ECEC systems, governance and private-sector share per country.",Read country chapters 4.x to understand which authority licenses 0-3 vs 3-6 and where registries live.,,south_sources.json
GB (England),Ofsted childcare providers and inspections - open data,https://www.gov.uk/government/statistical-data-sets/childcare-providers-and-inspections-management-information,"Monthly management-information CSV/XLSX of every registered childcare provider in England (URN, provider name, address, postcode, registration type, places, inspection outcome, provider organisation/group name where linked).",Download the latest 'Childcare providers and inspections' spreadsheet; filter Provider type = Childcare on non-domestic premises; group by 'Organisation' / 'Provider group' column to identify chains; join to Companies House by organisation name.,,uk_ie_sources.json
GB (England),Ofsted 'Find an inspection report' provider search,https://reports.ofsted.gov.uk/,"Per-provider pages listing all settings owned by the same organisation (e.g. /provider/49/2645864), inspection reports, contact details.",Search organisation name; scrape provider ID page for list of registered settings; reports contain manager and nominated individual names.,,uk_ie_sources.json
GB (Scotland),Care Inspectorate Scotland datastore,https://www.careinspectorate.com/index.php/publications-statistics/93-public/datastore,"CSV of all registered care services in Scotland including Day Care of Children (nurseries), with service provider name, address, capacity, grades and provider type.","Download monthly datastore CSV; filter CareService = 'Day Care of Children'; group by ServiceProvider to find groups (e.g. Thrive, Busy Bees, Bright Horizons).",,uk_ie_sources.json
GB (Wales),Care Inspectorate Wales (CIW) service directory / open data,https://www.careinspectorate.wales/find-care-provider,"Register of childcare and play services in Wales (full day care), with provider (responsible individual) and setting details.",Use the directory search filtered to 'Full Day Care'; CIW also publishes an annual list of registered services as an Excel file on request / in the Chief Inspector's report data annex.,,uk_ie_sources.json
GB (Northern Ireland),NI Family Support / HSC Trust early years registers,https://www.familysupportni.gov.uk/,Searchable register of day nurseries registered with the five HSC Trusts in Northern Ireland.,Search by service type 'Day Nursery' per council area; export listing pages.,,uk_ie_sources.json
IE,Tusla Register of Early Years Services,https://www.tusla.ie/services/preschool-services/list-of-early-years-services/,"Downloadable Excel/CSV register of every registered early-years service in Ireland: service name, registered provider (company), address, county, service type (full day, sessional), max children, registration date; plus inspection reports.","Download the county-level or national register file; group by 'Registered Provider' to identify chains (Giraffe, Tigers, Links, Cocoon etc.); link to CRO company numbers.",,uk_ie_sources.json
IE,Pobal Early Years Sector Profile & Hive service list,https://www.pobal.ie/programmes/early-years-sector-profile/,"Annual sector profile with service counts, capacity and Core Funding participants; Pobal 'Hive' lists services contracted for ECCE/NCS.",Use the annual profile PDF/Excel for market sizing; request service-level data via the NCS/ECCE service finder at https://www.ncs.gov.ie.,,uk_ie_sources.json
GB,Companies House - advanced search by SIC 88910 (child day-care activities),https://find-and-update.company-information.service.gov.uk/advanced-search,"All UK companies with SIC 88910, officers (directors), PSCs (owners), accounts (turnover, employee counts), registered office.","Advanced search with SIC 88910 and status Active, export via the Companies House REST API (https://developer.company-information.service.gov.uk/) or the free bulk 'BasicCompanyData' CSV filtered to SICCode 88910; pull officers endpoint for decision makers.",,uk_ie_sources.json
IE,Companies Registration Office (CRO) / Solr open data,https://core.cro.ie/,Irish company register with directors and filings for creche operators (NACE 88.91).,Use CORE search or the CRO open-data API (https://services.cro.ie/) to find companies matching Tusla provider names; pull directors.,,uk_ie_sources.json
GB,daynurseries.co.uk - Top 20 Nursery Groups and group directory,https://www.daynurseries.co.uk/awards/top-nursery-groups,"Group pages listing every setting per group (searchgroup IDs), reviews, fees, manager names; annual Top 20 large/mid-size nursery group awards.",Scrape group search-results pages (day_nursery_search_results.cfm/searchgroup/<id>) for setting lists; use the awards page for a curated group list each year.,,uk_ie_sources.json
GB,"Nursery World - Nursery Groups Report / Nursery Chains league tables (annual, Feb)",https://www.nurseryworld.co.uk/content/features/nursery-groups-report-2026-new-order-sizing-up-the-uks-largest-nursery-groups,"Top 25 UK groups by settings/places, Ofsted quality ranking, ownership and CEO interviews ('People & places').",Subscription required for full tables; headline figures are in free news summaries. Extract the table annually and append to a master list.,,uk_ie_sources.json
GB,LaingBuisson Childcare UK Market Report,https://www.laingbuisson.com/shop/childcare-uk-market-report/,"Paid market report with operator rankings, revenues, M&A, investor backing for the top ~50 groups.",Purchase report; use the operator league table and M&A appendix to enrich ownership fields.,,uk_ie_sources.json
GB,Christie & Co / Savills day-nursery market reviews,https://www.christie.com/news-resources/press-releases/day-nurseries-market-review-2026/,Free annual market reviews with transaction lists (buyer/seller/site counts) and sector KPIs.,Download PDFs; mine the transaction tables for acquisitive groups and newly formed platforms.,,uk_ie_sources.json
GB,Get Information About Schools (GIAS),https://get-information-schools.service.gov.uk/,"DfE register of schools including maintained nursery schools, independent schools with nursery/pre-prep provision, and their head teachers and trusts.",Use 'Download' > establishment CSV; filter PhaseOfEducation = Nursery or TypeOfEstablishment contains 'Independent' with StatutoryLowAge <= 3; join by trust/ proprietor.,,uk_ie_sources.json
GB,NDNA (National Day Nurseries Association) member directory & awards,https://ndna.org.uk/,Membership body (chair: Sarah Steel OBE); annual awards listing top settings and groups; policy contacts.,Awards shortlists and member spotlights give confirmed manager/owner names; use for independent-nursery leads.,,uk_ie_sources.json
GB,British Franchise Association (BFA) childcare franchisors,https://www.thebfa.org/franchisors/,"Profiles of childcare franchisors (Banana Moon, Monkey Puzzle, etc.) with contacts and network size.",Filter category Childcare/Education; capture franchisor head-office contacts.,,uk_ie_sources.json
GB,NMT (Nursery Management Today) news & Top 25 rankings,https://nmt-magazine.co.uk/,"Trade news on appointments, acquisitions and funding; annual nursery group rankings.",Monitor 'appointments' and 'acquisitions' tags; free to read.,,uk_ie_sources.json
IE,Early Childhood Ireland member & 'Childcare Barometer' resources,https://www.earlychildhoodireland.ie/,"National association (c.3,800 member services); policy reports and events for reaching Irish operators.",Use event sponsorship/exhibitor lists and the annual conference for contacts; not a public register.,,uk_ie_sources.json
